Fecha,Empresa,Sector,Zona,Telefono,Persona contacto,Acepta info (Si/No/Rellamar),Email (con consentimiento),Fecha consentimiento,Estado,Newsletter enviada,Proximo paso / rellamada,Notas
2026-07-23,Ejemplo Asesoria SL,Asesoria,Mataro,93 000 00 00,Maria,Si,maria@ejemplo.com,2026-07-23,Interesado,Si,Seguimiento en 3 dias,Pidio precio para 8 empleados
2026-07-23,Taller Ejemplo,Taller,Argentona,93 000 00 01,,Rellamar,,,Nuevo,No,Llamar manana 10h,Estaba liado
2026-07-23,Bar Ejemplo,Hosteleria,Calella,93 000 00 02,Jordi,No,,,Descartado,No,,No le interesa - no rellamar
,,,,,,,,,,,,
,,,,,,,,,,,,
,,,,,,,,,,,,
,,,,,,,,,,,,
,,,,,,,,,,,,
,,,,,,,,,,,,
,,,,,,,,,,,,
